institution,address
CHOP,"Philadelphia, PA USA"
Harvard University,"Cambridge, MA USA"
Baylor College of Medicine,"Houston, TX USA"
Fox Chase Cancer Center,"Philadelphia, PA USA"
University of Alabama,"Tuscaloosa, AL USA"
Drexel University,"Philadelphia, PA USA"
University of Tennessee,"Knoxville, TN USA"
Sloan Kettering Institute,"New York, NY USA"
Kaiser Permanente,"Oakland, CA USA"
Rutgers,"New Brunswick, NJ USA"
Johns Hopkins,"Baltimore, MD USA"
University of Houston,"Houston, TX USA"
Penn,"Philadelphia, PA USA"
University of Texas at San Antonio,"San Antonio, TX USA"
Villanova University,"Villanova, PA USA"
uab,"Birmingham, AL USA"
The Wistar Institute,"Philadelphia, PA USA"
texas a&m university,"College Station, TX USA"
University of Texas,"Austin, TX USA"
Boston Children's Hospital,"Boston, MA USA"
New York University,"New York, NY USA"
Medical College of Wisconsin,"Milwaukee, WI USA"
University of Massachusetts,"Boston, MA USA"
samford university,"Homewood, AL USA"
Hampton University,"Hampton, VA USA"
University of Utah,"Salt Lake City, UT USA"
Duke University,"Durham, North Carolina, United States"
Temple University,"Philadelphia, PA USA"
Rowan University,"Glassboro, New Jersey USA"
Columbia University,"New York, NY USA"
Cornell University,"Ithaca, NY USA"
MD Anderson,"Houston, TX USA"
University of Ruhuna,"Matara, Sri Lanka"
Morehouse University,"Atlanta, GA USA"
Houston misc,"Houston, TX USA"
University of Washington,"Seattle, WA USA"
University of Delaware,"Newark, Delaware USA"
Blida 1 University,"Ouled Yaich, Algeria"
university of the punjab lahore,"Lahore, Pakistan"
nxlevel solutions,"Lambertville, New Jersey USA"
texas tech university,"Lubbock, TX USA"
Massachusetts General Hospital,"Boston, MA USA"
Philadelphia misc,"Philadelphia, PA USA"
Imperial College London,"London, United Kingdom"
recovery centers of america,"King of Prussia, PA USA"
Carnegie Mellon University,"Pittsburgh, PA USA"
medtronics,"Danvers, MA USA"
norton healthcare,"Louisville, KY USA"
rice university,"Houston, TX USA"
OHSU,"Portland, OR USA"
University of Arizona,"Tucson, AZ USA"
"seoul national university hospital, south korea","Seoul, South Korea"
chadis,"Baltimore, MD USA"
texas children's hospital,"Houston, TX USA"
Penn State,"Centre County, PA USA"
cooper hospital,"Camden, New Jersey USA"
Merck,"Rahway, NJ USA"
Stanford University,"Stanford, CA USA"
university of central missouri,"Warrensburg, Missouri USA"
University of Mumbai,"Mumbai, India"
einstein,"Bronx, NY USA"
University of New Mexico,"Albuquerque, NM USA"
bioagilytix labs llc,"Durham, NC USA"
university of turku,"Turku, Finland"
university of stockholm,"Stockholm, Sweden"
University of Michigan,"Ann Arbor, Michigan USA"
optum,"Eden Prairie, Minnesota USA"
ufmg,"Belo Horizonte, Brazil"
University of Missouri,"Columbia, Missouri USA"
Nationwide Children's Hospital,"Columbus, Ohio USA"
University of Minnesota,"Minneapolis, Minnesota USA"
"thomas jefferson university, college of nursing","Philadelphia, PA USA"
University of Botswana,"Gaborone, Botswana"
taking aim at cancer in louisiana (research affiliate with lsusom/lsusoph new orleans),"New Orleans, LA USA"
Arizona State University,"Tempe, Arizona USA"
"Botho University, Botswana","Gaborone, Botswana"
Kilimanjaro Christian Medical University College,"Moshi, Tanzania"
National Cheng Kung University,"Tainan, Taiwan"
University of North Carolina,"Chapel Hill, NC USA"
denison university,"Granville, Ohio USA"
integra lifesciences,"Princeton, New Jersey USA"
new virginia majority,"Richmond, Virginia USA"
Juntendo University,"Tokyo, Japan"
NIH,"Bethesda, Maryland USA"
uc san diego,"San Diego, California USA"
MRICD,"Gunpowder, MD USA"
seminole state college of florida,"Sanford, FL USA"
Emory University,"Atlanta, GA USA"
virginia union university,"Richmond, VA USA"
idaho state university,"Pocatello, Idaho USA"
La Salle University,"Philadelphia, PA USA"
Princess Marina Hospital,"Gaborone, Botswana"
University of Arkansas,"Fayetteville, Arkansas USA"
university of southern mississippi,"Hattiesburg, Mississippi USA"
Clemson University,"Clemson, South Carolina USA"
Morgan State University,"Baltimore, Maryland USA"
University of Georgia,"Athens, Georgia USA"
University of Maryland,"College Park, MD USA"
towson university,"Towson, Maryland USA"
Georgia State University,"Atlanta, GA USA"
Bowie State University,"Prince George's County, Maryland USA"
Princeton University,"Princeton, New Jersey USA"
Nepal Research and Collaboration Center,"Bhaktapur, Nepal"
Cincinnati Children's Hospital,"Cincinnati, Ohio USA"
roswell park comprehensive cancer center,"Buffalo, New York USA"
Imam Abdulrahman Bin Faisal University,"Dammam, Saudi Arabia"